time,latitude,longitude,depth,mag,magType,nst,gap,dmin,rms,net,id,updated,place,type,horizontalError,depthError,magError,magNst,status,locationSource,magSource
2008-07-08T09:13:07.460Z,-15.986,-71.748,123,6.2,mwc,467,32.8,,0.91,us,usp000gbn0,2020-09-21T15:38:29.317Z,"28 km E of Lluta, Peru",earthquake,,,,,reviewed,us,us
2013-07-17T02:37:43.180Z,-15.657,-71.74,7,6,mww,506,37,,1.19,us,usb000ifva,2020-07-10T18:11:43.919Z,"3 km ESE of Maca, Peru",earthquake,,,,,reviewed,us,us
1977-12-31T07:53:18.000Z,-15.3,-71.68,158,5.9,mb,,,,,us,usp0000sa7,2016-11-08T23:14:36.472Z,"25 km WNW of Tisco, Peru",earthquake,,,,,reviewed,us,us
1998-04-12T23:49:35.350Z,-15.525,-71.821,33,5.8,mwc,,,,1.06,us,usp0008k18,2020-09-15T20:07:24.024Z,,earthquake,,,,,reviewed,us,hrv
2006-11-27T17:31:48.040Z,-16.053,-71.802,115.7,5.7,mwc,252,85.7,,0.86,us,usp000eyze,2016-11-10T01:31:46.396Z,"23 km E of Lluta, Peru",earthquake,,,,,reviewed,us,gcmt
1984-09-12T19:17:52.070Z,-15.75,-71.872,139.9,5.5,mw,,,,1.1,us,usp00027aw,2016-11-09T23:28:00.120Z,"16 km SW of Maca, Peru",earthquake,,,,,reviewed,us,hrv
2016-08-15T02:59:00.840Z,-15.6542,-72.0092,20,5.5,mwb,,95,3.095,0.85,us,us10006du3,2020-07-10T15:05:50.837Z,"11 km SW of Tapay, Peru",earthquake,7.7,1.8,0.058,29,reviewed,us,us
2018-09-14T11:20:03.310Z,-15.9944,-71.4369,129.55,5.4,mww,,39,2.455,1.14,us,us2000hekx,2018-11-21T18:19:11.040Z,"2 km ESE of Pucara, Peru",earthquake,7.6,4.3,0.05,39,reviewed,us,us
2012-11-04T06:37:38.260Z,-15.874,-71.878,137.7,5.4,mb,499,36.7,,0.86,us,usp000jv0g,2015-03-24T02:22:50.793Z,"21 km NE of Lluta, Peru",earthquake,,,,297,reviewed,us,us
1998-01-29T03:13:39.780Z,-15.608,-72.098,134.1,5.4,mwc,,,,0.95,us,usp0008f4d,2016-11-09T21:46:32.354Z,"4 km SE of Choco, Peru",earthquake,,,,,reviewed,us,hrv
1994-12-26T19:57:00.760Z,-15.573,-71.757,10,5.4,mw,,,,1,us,usp0006qff,2016-11-10T00:17:53.066Z,"6 km NE of Madrigal, Peru",earthquake,,,,,reviewed,us,hrv
2013-02-22T21:01:47.230Z,-15.748,-71.425,7.9,5.3,mb,135,88.3,,1.25,us,usc000fbvq,2014-11-07T01:50:10.841Z,"4 km ENE of Huarancante, Peru",earthquake,,14.1,,75,reviewed,us,us
1991-07-23T19:44:50.240Z,-15.679,-71.574,5,5.3,mw,,,,1.3,us,usp0004uj3,2020-08-29T00:55:08.837Z,"5 km SSE of Chivay, Peru",earthquake,,,,,reviewed,us,hrv
2002-02-03T12:59:32.820Z,-15.646,-72.031,33,5.3,mwc,65,,,1.08,us,usp000axq1,2016-11-09T21:47:57.821Z,"12 km SW of Tapay, Peru",earthquake,,,,,reviewed,us,hrv
2002-12-13T16:31:11.950Z,-15.601,-71.935,11.5,5.3,mwc,74,,,0.89,us,usp000bkmj,2016-11-10T00:11:37.203Z,"2 km S of Tapay, Peru",earthquake,,,,,reviewed,us,hrv
2013-02-22T21:50:49.560Z,-15.826,-71.495,18.4,5.2,mb,220,78.3,,1.4,us,usc000fbyh,2014-11-07T01:50:10.852Z,"7 km SSW of Huarancante, Peru",earthquake,,16.6,,157,reviewed,us,us
2001-08-09T06:45:37.260Z,-15.618,-72.073,33,5.2,mwc,56,,,1.17,us,usp000am35,2016-11-09T23:11:39.529Z,"7 km SE of Choco, Peru",earthquake,,,,,reviewed,us,hrv
1979-03-07T06:21:11.100Z,-16.134,-72.039,126,5.1,mb,,,,,us,usp0000z6n,2014-11-06T23:21:58.030Z,"13 km SSW of Lluta, Peru",earthquake,,,,,reviewed,us,us
2017-04-30T13:29:10.010Z,-15.7425,-71.8941,10,5.1,mww,,100,3.005,0.67,us,us10008m7l,2017-07-29T03:16:08.040Z,"17 km SW of Maca, Peru",earthquake,7.9,1.8,0.066,22,reviewed,us,us
1984-04-08T22:35:07.750Z,-15.679,-71.897,118.1,5.1,mb,,,,1.2,us,usp00023bv,2014-11-07T00:34:45.064Z,"12 km SSE of Tapay, Peru",earthquake,,4.7,,5,reviewed,us,us
1981-05-22T03:08:14.080Z,-16.239,-71.563,125.8,5,mb,,,,1.1,us,usp0001dt6,2014-11-07T00:29:30.207Z,"8 km NE of Cono Norte, Peru",earthquake,,5,,2,reviewed,us,us
1995-10-05T08:18:37.940Z,-15.978,-72.355,111,5,mb,,,,0.9,us,usp00074hy,2014-11-07T00:58:53.932Z,"28 km SSE of U単on, Peru",earthquake,,5.9,,41,reviewed,us,us
1996-09-22T02:21:33.300Z,-15.903,-71.727,139.7,5,mb,,,,0.85,us,usp0007qa0,2014-11-07T01:01:12.629Z,"28 km S of Ichupampa, Peru",earthquake,,,,36,reviewed,us,us
1992-02-01T17:22:44.910Z,-15.799,-71.719,10,5,mb,,,,1,us,usp00052ga,2014-11-07T00:50:00.043Z,"16 km SSW of Ichupampa, Peru",earthquake,,,,8,reviewed,us,us
2016-02-20T02:05:50.020Z,-15.72,-71.821,10,5,mb,,126,2.991,0.99,us,us10004r90,2016-11-10T22:13:02.573Z,"10 km SSW of Maca, Peru",earthquake,2.3,1.8,0.045,158,reviewed,us,us
2020-08-14T20:34:35.468Z,-15.7132,-72.1145,10,5,mww,,74,3.14,0.88,us,us6000beyh,2020-10-24T20:08:52.040Z,"2 km NNW of Huambo, Peru",earthquake,7.9,1.8,0.093,11,reviewed,us,us
2013-10-29T12:51:05.310Z,-15.4358,-71.7232,130.53,5,mb,,59,3.559,0.86,us,usc000kqmq,2014-01-10T10:03:35.000Z,"21 km NNE of Madrigal, Peru",earthquake,,4.5,0.035,,reviewed,us,us
2021-06-13T07:31:43.524Z,-16.0852,-71.4623,137.51,4.9,mb,,129,2.416,0.86,us,us7000ecmy,2021-08-26T21:59:14.040Z,"11 km S of Pucara, Peru",earthquake,7.9,5.6,0.025,516,reviewed,us,us
1982-08-03T00:49:52.020Z,-15.928,-71.322,78.7,4.9,mb,,,,1,us,usp0001ntm,2014-11-07T00:31:41.770Z,"15 km ENE of Pucara, Peru",earthquake,,6.6,,2,reviewed,us,us
2013-07-16T09:27:40.450Z,-15.847,-72.253,39.4,4.9,mb,127,131,,1.46,us,usb000if2u,2014-11-07T01:51:16.761Z,"18 km S of Ayo, Peru",earthquake,,7.1,,116,reviewed,us,us
2017-02-24T03:11:41.310Z,-15.8273,-71.6347,142.04,4.9,mb,,126,2.708,0.91,us,us20008lxn,2017-05-17T01:19:37.040Z,"19 km WSW of Huarancante, Peru",earthquake,7.5,5.5,0.058,94,reviewed,us,us
2019-05-21T13:37:39.241Z,-15.8258,-72.0107,8.33,4.9,mww,,147,2.992,0.7,us,us70003nxk,2019-08-13T14:30:46.040Z,"14 km SE of Huambo, Peru",earthquake,7.7,4.9,0.066,22,reviewed,us,us
2015-08-28T04:11:51.900Z,-15.823,-71.8124,9.28,4.9,mb,,91,2.897,0.98,us,us100035lv,2015-12-01T00:36:00.040Z,"20 km SSW of Maca, Peru",earthquake,7,3.1,0.032,307,reviewed,us,us
2015-10-01T19:42:47.180Z,-15.7239,-72.0935,30.24,4.9,mb,,123,3.12,1.03,us,us10003jkl,2016-11-10T21:54:43.635Z,"1 km ENE of Huambo, Peru",earthquake,8.9,4.7,0.04,193,reviewed,us,us
2013-06-16T16:26:13.190Z,-15.721,-71.871,9.9,4.9,mb,46,90,,0.78,us,usc000hs8b,2014-11-07T01:51:05.146Z,"14 km SW of Maca, Peru",earthquake,,1.7,,28,reviewed,us,us
2013-02-22T20:15:23.550Z,-15.696,-71.308,10,4.9,mb,109,87.5,,0.98,us,usc000fbuq,2014-11-07T01:50:10.830Z,"6 km S of Llongasora, Peru",earthquake,,,,64,reviewed,us,us
2007-02-19T00:16:57.350Z,-15.673,-71.751,135.4,4.9,mwc,101,43.9,,0.87,us,usp000f54a,2016-11-10T01:35:50.342Z,"3 km SSE of Maca, Peru",earthquake,,3,,,reviewed,us,gcmt
1976-10-23T05:43:14.500Z,-15.627,-71.655,136,4.9,mb,,,,,us,usp0000k07,2014-11-06T23:21:37.829Z,"4 km NE of Ichupampa, Peru",earthquake,,,,,reviewed,us,us
2012-11-03T13:56:19.850Z,-15.507,-71.576,113.8,4.9,mb,51,87,,0.87,us,usp000juza,2015-03-24T01:33:49.954Z,"4 km NW of Tuti, Peru",earthquake,,6.1,,16,reviewed,us,us
2015-11-22T14:38:15.640Z,-15.4027,-72.2418,109.52,4.9,mb,,110,3.466,0.74,us,us100040bu,2016-02-18T04:48:49.040Z,southern Peru,earthquake,7.8,2.9,0.045,154,reviewed,us,us
1978-10-11T22:44:28.700Z,-16.167,-71.489,175,4.8,mb,,,,,us,usp0000wz0,2014-11-06T23:21:52.823Z,"19 km NNE of Cono Norte, Peru",earthquake,,,,,reviewed,us,us
1987-10-22T21:12:21.950Z,-16.065,-71.853,33,4.8,mb,,,,0.8,us,usp00039gv,2014-11-07T00:41:06.256Z,"18 km ESE of Lluta, Peru",earthquake,,,,1,reviewed,us,us
1986-04-02T02:39:05.730Z,-16.028,-71.718,33,4.8,mb,,,,0.8,us,usp0002sjn,2014-11-07T00:38:09.372Z,"25 km N of Yura, Peru",earthquake,,,,1,reviewed,us,us
1980-11-05T19:24:25.300Z,-15.931,-72.275,129,4.8,mb,,,,,us,usp0001ap4,2014-11-06T23:24:27.089Z,"27 km S of Ayo, Peru",earthquake,,,,,reviewed,us,us
1982-08-28T11:58:51.250Z,-15.903,-71.522,151.2,4.8,mb,,,,1.2,us,usp0001p9x,2014-11-07T00:31:47.645Z,"10 km NW of Pucara, Peru",earthquake,,5.6,,1,reviewed,us,us
2016-02-22T20:29:35.000Z,-15.71,-71.8,6,4.8,mb,,,,0.87,us,us10004rtm,2016-11-10T22:13:36.672Z,"8 km SSW of Maca, Peru",earthquake,3.4,3.6,0.063,77,reviewed,lim,us
2015-02-28T20:10:24.000Z,-15.7,-71.99,12,4.8,mb,,,,1.1,us,usc000tu1j,2020-07-10T19:21:08.273Z,"13 km ENE of Huambo, Peru",earthquake,9.6,3.9,0.091,37,reviewed,lim,us
2021-04-26T19:54:14.233Z,-15.6443,-71.3953,130.11,4.8,mb,,124,2.892,1.1,us,us7000dxky,2021-07-07T18:35:40.040Z,"10 km W of Llongasora, Peru",earthquake,8.6,7.3,0.093,36,reviewed,us,us
2019-12-09T15:43:43.631Z,-15.6417,-71.6791,133.55,4.8,mb,,125,2.863,1.14,us,us60006p89,2020-02-29T19:52:43.040Z,"1 km NE of Ichupampa, Peru",earthquake,7.6,7,0.076,64,reviewed,us,us
1991-12-04T08:48:19.130Z,-15.501,-71.9,31.1,4.8,mb,,,,0.5,us,usp000500w,2014-11-07T00:49:41.754Z,"9 km NNE of Tapay, Peru",earthquake,,11.2,,1,reviewed,us,us
1998-11-30T18:16:26.210Z,-15.46,-71.962,53.4,4.8,mb,,,,1.18,us,usp0008yzs,2014-11-07T01:06:31.603Z,"13 km N of Tapay, Peru",earthquake,,12.3,,15,reviewed,us,us
2019-01-25T17:40:55.590Z,-15.3088,-71.6988,138.34,4.8,mb,,83,3.11,1.31,us,us2000j8wl,2019-04-12T17:15:04.040Z,"27 km W of Tisco, Peru",earthquake,8.1,5.5,0.051,118,reviewed,us,us
1993-01-28T15:06:54.920Z,-16.302,-71.747,127.2,4.7,mb,,,,1.2,us,usp0005mby,2014-11-07T00:52:17.030Z,"9 km SW of Yura, Peru",earthquake,,9.9,,9,reviewed,us,us
1987-10-02T02:35:15.160Z,-16.265,-71.669,134.2,4.7,mb,,,,1.2,us,usp00038wx,2014-11-07T00:41:01.603Z,"1 km SE of Yura, Peru",earthquake,,5.6,,20,reviewed,us,us
1995-09-03T07:31:41.230Z,-15.896,-72.159,122.5,4.7,mb,,,,0.9,us,usp00072ur,2014-11-07T00:58:40.370Z,"19 km SSW of Huambo, Peru",earthquake,,,,26,reviewed,us,us
2013-03-23T22:37:35.770Z,-15.894,-71.845,25.5,4.7,mb,65,91.3,,1.05,us,usb000frs6,2014-11-07T01:50:22.633Z,"22 km NE of Lluta, Peru",earthquake,,14.2,,30,reviewed,us,us
1986-03-18T10:02:30.990Z,-15.884,-72.229,122.4,4.7,mb,,,,1.3,us,usp0002ryb,2014-11-07T00:38:03.797Z,"21 km SW of Huambo, Peru",earthquake,,6.7,,8,reviewed,us,us
2013-05-11T02:19:12.080Z,-15.873,-72.165,84.6,4.7,mb,53,96,,0.9,us,usc000gtvt,2014-11-07T01:50:46.949Z,"16 km SSW of Huambo, Peru",earthquake,,6.6,,17,reviewed,us,us
2015-12-08T19:54:17.950Z,-15.8335,-72.2281,22.11,4.7,mb,,107,3.101,1.05,us,us20004fze,2016-03-02T03:36:39.040Z,"17 km SW of Huambo, Peru",earthquake,9,5.4,0.106,30,reviewed,us,us
2013-07-25T02:07:20.750Z,-15.825,-72.005,18.8,4.7,mb,57,63,,1.12,us,usc000ineu,2014-11-07T01:51:20.121Z,"15 km SE of Huambo, Peru",earthquake,,3.5,,55,reviewed,us,us
2015-12-08T20:47:09.040Z,-15.7975,-71.808,23.59,4.7,mwr,,74,2.918,1.02,us,us20004fn4,2016-03-02T03:36:39.040Z,"17 km SSW of Maca, Peru",earthquake,3.2,4.2,0.073,18,reviewed,us,us
2011-08-12T09:12:00.070Z,-15.789,-71.936,10,4.7,mb,56,130.3,,1.47,us,usp000j6c0,2015-03-24T02:26:26.803Z,"19 km ESE of Huambo, Peru",earthquake,,,,34,reviewed,us,us
2019-05-21T12:55:31.213Z,-15.7813,-72.0183,10,4.7,mb,,136,3.025,0.78,us,us70003nx8,2019-08-13T14:30:46.040Z,"11 km ESE of Huambo, Peru",earthquake,9.2,1.8,0.046,142,reviewed,us,us
1984-07-27T22:53:14.430Z,-15.714,-71.408,160.2,4.7,mb,,,,1.3,us,usp0002614,2014-11-07T00:35:13.096Z,"7 km WNW of Jatun Orcochiri, Peru",earthquake,,,,8,reviewed,us,us
2001-06-29T06:29:09.990Z,-15.702,-71.595,33,4.7,mb,31,,,0.87,us,usp000ahny,2014-11-07T01:13:08.846Z,"7 km S of Chivay, Peru",earthquake,,,,16,reviewed,us,us
2014-10-13T02:31:44.460Z,-15.6344,-71.4674,149.38,4.7,mb,,88,2.926,1.32,us,usb000slg9,2015-01-06T23:49:54.040Z,"14 km SE of Tuti, Peru",earthquake,8.6,6.8,0.059,89,reviewed,us,us
2021-07-11T14:46:28.992Z,-15.611,-71.5391,125.79,4.7,mb,,145,2.787,0.74,us,us6000eue9,2021-07-19T14:02:27.040Z,"7 km ENE of Chivay, Peru",earthquake,9.3,3.4,0.049,126,reviewed,us,us
2002-10-03T11:36:32.670Z,-15.535,-71.797,124.7,4.7,mb,17,,,1.06,us,usp000bdqm,2014-11-07T01:16:41.174Z,"8 km N of Madrigal, Peru",earthquake,,8.3,,2,reviewed,us,us
2001-06-24T03:59:48.060Z,-15.533,-71.976,33,4.7,mb,24,,,0.95,us,usp000ah83,2014-11-07T01:13:07.226Z,"6 km NW of Tapay, Peru",earthquake,,,,5,reviewed,us,us
1996-03-05T06:30:26.810Z,-15.414,-71.756,155.8,4.7,mb,,,,0.8,us,usp0007ebt,2014-11-07T01:00:03.822Z,"22 km NNE of Madrigal, Peru",earthquake,,8,,44,reviewed,us,us
2007-10-20T08:52:41.880Z,-15.302,-71.688,133.3,4.7,mb,68,124.7,,1.1,us,usp000fqy2,2014-11-07T01:33:57.903Z,"26 km W of Tisco, Peru",earthquake,,,,35,reviewed,us,us
2007-08-27T05:40:32.360Z,-16.289,-71.824,10,4.6,mb,10,87.6,,1.42,us,usp000fksv,2014-11-07T01:33:23.417Z,"15 km WSW of Yura, Peru",earthquake,,,,1,reviewed,us,us
1998-12-26T00:47:45.170Z,-16.102,-71.517,113.1,4.6,mb,,,,0.93,us,usp0009068,2014-11-07T01:06:41.756Z,"14 km SSW of Pucara, Peru",earthquake,,6.7,,18,reviewed,us,us
2005-12-08T08:29:40.950Z,-16.014,-72.253,107.8,4.6,mb,31,155.4,,1.28,us,usp000e5s8,2014-11-07T01:27:51.800Z,"25 km W of Lluta, Peru",earthquake,,11.5,,18,reviewed,us,us
2013-08-11T00:31:12.550Z,-15.9642,-71.8085,25.93,4.6,mb,,131,3.549,1.05,us,usb000j7mf,2013-10-12T21:32:34.000Z,"22 km ENE of Lluta, Peru",earthquake,,5.2,0.141,,reviewed,us,us
2013-03-14T15:50:51.650Z,-15.924,-71.662,43,4.6,mb,38,117.1,,1.38,us,usb000fkvu,2014-11-07T01:50:20.384Z,"22 km WNW of Pucara, Peru",earthquake,,10.3,,16,reviewed,us,us
2013-01-16T01:29:22.110Z,-15.864,-71.815,35,4.6,mb,17,153.4,,1.21,us,usp000jyff,2014-11-07T01:49:50.685Z,"25 km SSW of Maca, Peru",earthquake,,,,2,reviewed,us,us
2013-02-18T16:19:49.590Z,-15.717,-72.098,125.9,4.6,mb,37,91.1,,1.35,us,us2013lua7,2014-11-07T01:50:09.562Z,"1 km NE of Huambo, Peru",earthquake,,6.5,,9,reviewed,us,us
2017-04-30T14:50:50.840Z,-15.716,-71.9799,10,4.6,mb,,145,3.07,0.76,us,us10008m80,2017-07-29T03:16:08.040Z,"13 km E of Huambo, Peru",earthquake,9.3,1.9,0.125,19,reviewed,us,us
2001-11-18T09:55:15.740Z,-15.668,-71.983,142.2,4.6,mb,6,,,1,us,usp000at2u,2014-11-07T01:14:16.256Z,"11 km SSW of Tapay, Peru",earthquake,,10.4,,1,reviewed,us,us
2015-11-25T03:12:29.230Z,-15.6412,-71.9348,28.49,4.6,mb,,126,3.112,0.76,us,us10004153,2016-02-18T04:48:54.040Z,"7 km S of Tapay, Peru",earthquake,7.6,5.6,0.083,43,reviewed,us,us
2006-07-27T01:39:23.450Z,-15.634,-71.598,146.4,4.6,mb,42,86.3,,0.99,us,usp000epnt,2014-11-07T01:29:46.874Z,"0 km NE of Chivay, Peru",earthquake,,,,9,reviewed,us,us
1978-04-14T13:43:49.100Z,-15.628,-71.913,156,4.6,mb,,,,,us,usp0000u3b,2014-11-06T23:21:48.516Z,"6 km SSE of Tapay, Peru",earthquake,,,,,reviewed,us,us
2014-07-07T01:37:10.600Z,-15.5638,-71.3401,149.87,4.6,mb,,119,2.95,1,us,usc000rr2r,2014-10-04T19:59:58.000Z,"3 km W of Jayune, Peru",earthquake,,6.1,0.094,38,reviewed,us,us
2014-01-18T05:54:20.360Z,-15.4804,-71.8199,114.1,4.6,mb,,88,3.639,1.02,us,usb000m3kt,2014-03-22T00:05:20.000Z,"14 km N of Madrigal, Peru",earthquake,,3.6,0.054,114,reviewed,us,us
2020-12-20T16:36:49.724Z,-15.4757,-71.7612,112.91,4.6,mb,,147,3.183,0.58,us,us6000d284,2021-02-27T23:24:06.040Z,"15 km NNE of Madrigal, Peru",earthquake,8.3,8.7,0.223,9,reviewed,us,us
2010-03-27T18:14:50.140Z,-15.439,-72.283,120.4,4.6,mb,32,96,,1.1,us,usp000ha1g,2014-11-07T01:41:06.009Z,"20 km SSE of Orcopampa, Peru",earthquake,,8.5,,8,reviewed,us,us
2021-03-28T07:14:21.265Z,-15.3528,-71.9905,123.42,4.6,mb,,124,3.39,0.55,us,us6000dx4c,2021-06-08T17:58:52.040Z,"25 km NNW of Tapay, Peru",earthquake,3.8,8.9,0.046,144,reviewed,us,us
2001-12-08T04:23:42.860Z,-15.344,-72.148,33,4.6,mb,7,,,0.75,us,usp000au7m,2014-11-07T01:14:27.007Z,"22 km ESE of Orcopampa, Peru",earthquake,,,,2,reviewed,us,us
1993-07-24T17:54:18.000Z,-15.296,-71.872,135.1,4.6,mb,,,,1.1,us,usp0005xa9,2014-11-07T00:53:33.500Z,"32 km NNE of Tapay, Peru",earthquake,,7.5,,16,reviewed,us,us
2008-12-11T20:51:22.030Z,-15.253,-71.778,120.8,4.6,mb,8,122.7,,1.55,us,usp000gqds,2014-11-07T01:37:57.426Z,"36 km WNW of Tisco, Peru",earthquake,,14.1,,1,reviewed,us,us
1980-05-18T13:42:30.900Z,-16.2,-71.875,125,4.5,mb,,,,,us,usp00017a0,2014-11-06T23:24:21.898Z,"21 km WNW of Yura, Peru",earthquake,,,,,reviewed,us,us
1982-06-09T22:38:45.260Z,-16.089,-72.044,130.4,4.5,mb,,,,1.2,us,usp0001mtc,2014-11-07T00:31:26.580Z,"8 km SSW of Lluta, Peru",earthquake,,4.1,,6,reviewed,us,us
2015-11-12T19:49:21.240Z,-16.0641,-72.0127,92.31,4.5,mb,,123,2.795,0.73,us,us10003xwf,2016-02-13T02:08:18.040Z,"5 km S of Lluta, Peru",earthquake,8.8,6,0.076,51,reviewed,us,us
2021-03-06T17:23:40.018Z,-15.9276,-72.3425,10,4.5,mb,,131,3.092,0.93,us,us7000disc,2021-05-21T19:51:11.040Z,"23 km SSE of U単on, Peru",earthquake,5.2,1.9,0.1,29,reviewed,us,us
1990-07-05T04:24:03.950Z,-15.892,-71.764,172.5,4.5,mb,,,,0.7,us,usp0004bdk,2014-11-07T00:46:38.388Z,"27 km S of Maca, Peru",earthquake,,38.6,,1,reviewed,us,us
2010-02-04T01:24:30.490Z,-15.863,-72.143,99.8,4.5,mb,40,92.5,,0.83,us,usp000h6xp,2014-11-07T01:40:39.524Z,"15 km SSW of Huambo, Peru",earthquake,,5.1,,12,reviewed,us,us
1998-05-18T20:25:04.320Z,-15.85,-71.96,10,4.5,mb,,,,1.43,us,usp0008nbu,2014-11-07T01:05:14.270Z,"19 km NNE of Lluta, Peru",earthquake,,,,5,reviewed,us,us
2011-08-31T16:33:53.130Z,-15.835,-71.744,122.4,4.5,mb,16,93.9,,1.12,us,usp000j7b1,2014-11-07T01:45:45.247Z,"21 km SSW of Ichupampa, Peru",earthquake,,9.1,,2,reviewed,us,us
2003-12-28T20:34:57.250Z,-15.747,-71.292,155,4.5,mb,51,106,,1.17,us,usp000cgdj,2014-11-07T01:20:51.042Z,"5 km E of Jatun Orcochiri, Peru",earthquake,,,,14,reviewed,us,us
2017-01-10T04:53:55.100Z,-15.7257,-72.1102,3.9,4.5,mwr,,142,3.127,0.89,us,us10007s94,2017-04-01T00:26:07.040Z,"0 km NNW of Huambo, Peru",earthquake,7,6.2,0.069,20,reviewed,us,us
2013-02-25T17:54:22.280Z,-15.699,-72.289,116.1,4.5,mb,43,95.9,,1.24,us,usb000fii6,2014-11-07T01:50:11.872Z,southern Peru,earthquake,,,,8,reviewed,us,us
2013-09-02T03:03:49.970Z,-15.6722,-71.6886,143.76,4.5,mb,,128,3.476,1.49,us,usb000jey7,2013-11-06T01:33:40.000Z,"2 km S of Ichupampa, Peru",earthquake,,7.3,0.242,,reviewed,us,us
1990-05-03T08:05:32.010Z,-15.645,-72.067,33,4.5,mb,,,,1.3,us,usp00048sx,2014-11-07T00:46:16.699Z,"10 km SE of Choco, Peru",earthquake,,,,3,reviewed,us,us
2018-08-20T06:13:17.200Z,-15.6147,-71.9994,10,4.5,mb,,126,3.113,0.93,us,us1000gdqr,2018-11-01T17:50:49.040Z,"7 km WSW of Tapay, Peru",earthquake,7.8,1.9,0.085,41,reviewed,us,us
2017-05-02T14:54:35.620Z,-15.6117,-72.0972,11.15,4.5,mb,,190,3.188,0.57,us,us10008qrc,2017-07-29T03:16:16.040Z,"5 km SE of Choco, Peru",earthquake,14,5.7,0.384,2,reviewed,us,us
2011-07-13T08:23:27.130Z,-15.607,-71.651,112,4.5,mb,76,88.2,,0.8,us,usp000j4t6,2015-03-24T01:19:04.935Z,"6 km NE of Ichupampa, Peru",earthquake,,4.9,,34,reviewed,us,us
1993-02-06T05:07:09.890Z,-15.589,-72.249,119.9,4.5,mb,,,,0.9,us,usp0005mpu,2014-11-07T00:52:21.895Z,"10 km NNE of Ayo, Peru",earthquake,,23.2,,2,reviewed,us,us
2001-06-29T06:05:55.280Z,-15.565,-71.814,33,4.5,mb,11,,,1.19,us,usp000ahnx,2014-11-07T01:13:08.844Z,"4 km N of Madrigal, Peru",earthquake,,,,6,reviewed,us,us
2001-07-01T09:11:35.440Z,-15.563,-72.134,33,4.5,mb,6,,,0.88,us,usp000aht6,2014-11-07T01:13:12.045Z,"1 km NNW of Choco, Peru",earthquake,,,,1,reviewed,us,us
2018-01-15T14:27:14.150Z,-15.524,-71.3668,133.64,4.5,mb,,122,2.737,1.21,us,us2000cjnx,2018-04-10T01:11:41.040Z,"8 km WNW of Jayune, Peru",earthquake,9.1,8.5,0.124,19,reviewed,us,us
1993-08-19T10:01:29.790Z,-16.207,-71.621,138.9,4.4,mb,,,,1.6,us,usp0005yuf,2014-11-07T00:53:46.096Z,"8 km NE of Yura, Peru",earthquake,,9.8,,2,reviewed,us,us
2004-09-09T14:28:17.860Z,-16.153,-72.157,101.8,4.4,mb,27,131.7,,1.01,us,usp000d3zd,2014-11-07T01:23:27.606Z,"21 km SW of Lluta, Peru",earthquake,,7.1,,13,reviewed,us,us
1995-09-07T01:25:29.680Z,-16.085,-72.227,116.7,4.4,mb,,,,1.3,us,usp000730w,2014-11-07T00:58:41.837Z,Near the coast of southern Peru,earthquake,,11.2,,8,reviewed,us,us
2013-02-23T20:08:24.400Z,-16.006,-71.671,60.6,4.4,mb,32,91.4,,0.81,us,us2013lzbj,2014-11-07T01:50:11.237Z,"22 km W of Pucara, Peru",earthquake,,6.5,,7,reviewed,us,us
2018-10-05T14:32:48.560Z,-15.9882,-71.8717,114.88,4.4,mb,,149,2.784,1.26,us,us1000hanc,2018-12-14T20:32:46.040Z,,earthquake,10.9,9,0.143,14,reviewed,us,us
2020-06-29T02:42:27.864Z,-15.9797,-71.8308,120.03,4.4,mb,,133,2.762,1.34,us,us7000ae0p,2020-09-05T17:35:31.040Z,"20 km E of Lluta, Peru",earthquake,10.2,7.4,0.098,30,reviewed,us,us
1999-07-02T01:25:21.990Z,-15.967,-71.968,115.3,4.4,mb,,,,1.06,us,usp0009awr,2014-11-07T01:08:01.280Z,"7 km NE of Lluta, Peru",earthquake,,17.9,,15,reviewed,us,us
2016-02-20T00:40:09.940Z,-15.8849,-71.6839,30.95,4.4,mb,,129,2.785,1.15,us,us10004s34,2016-05-03T23:44:12.040Z,"26 km S of Ichupampa, Peru",earthquake,5.3,7,0.189,8,reviewed,us,us
1992-02-03T19:12:08.430Z,-15.8,-71.681,10,4.4,mb,,,,1.3,us,usp00052k4,2014-11-07T00:50:02.519Z,southern Peru,earthquake,,,,1,reviewed,us,us
2017-12-05T04:25:27.740Z,-15.7794,-71.7389,141.68,4.4,mb,,142,2.815,0.9,us,us1000bm9q,2018-02-28T02:32:26.040Z,"15 km SSW of Ichupampa, Peru",earthquake,3.9,8.9,0.126,18,reviewed,us,us
2015-09-30T04:08:33.220Z,-15.7756,-72.1232,10,4.4,mb,,129,3.092,0.65,us,us10003j1y,2015-12-28T23:08:51.040Z,"5 km SSW of Huambo, Peru",earthquake,5.5,1.7,0.191,8,reviewed,us,us
2015-03-20T11:14:35.220Z,-15.7747,-71.3369,165.43,4.4,mb,,126,2.751,1.24,us,us10001p4n,2015-06-09T21:29:59.040Z,"2 km SSE of Jatun Orcochiri, Peru",earthquake,8.5,9,0.202,7,reviewed,us,us
2015-04-18T03:33:58.170Z,-15.7575,-72.2501,127.24,4.4,mb,,119,3.175,0.87,us,us200027hy,2015-06-26T23:15:55.040Z,"8 km SSE of Ayo, Peru",earthquake,4.8,7.4,0.11,24,reviewed,us,us
2021-03-26T05:19:33.747Z,-15.7487,-71.5275,149.96,4.4,mb,,210,2.683,1.06,us,us6000dwkn,2021-06-08T17:58:30.040Z,"7 km WNW of Huarancante, Peru",earthquake,13,9.2,0.126,18,reviewed,us,us
2015-08-29T06:43:46.540Z,-15.7212,-72.0546,49.54,4.4,mb,,159,3.102,0.63,us,us20003m5f,2015-12-01T00:36:02.040Z,"5 km E of Huambo, Peru",earthquake,8.6,14.3,0.24,5,reviewed,us,us
1998-04-14T03:15:49.010Z,-15.663,-71.802,77.4,4.4,mb,,,,1.51,us,usp0008k6n,2014-11-07T01:04:59.617Z,"4 km SW of Maca, Peru",earthquake,,16.1,,3,reviewed,us,us
2013-12-19T17:35:24.000Z,-15.63,-71.96,129,4.4,mb,,,,1.98,us,usc000lne4,2014-02-27T21:37:22.000Z,"6 km SSW of Tapay, Peru",earthquake,,6.4,0.309,,reviewed,lim,us
2017-04-30T15:11:48.480Z,-15.6131,-71.7025,10,4.4,mb,,189,3.26,0.7,us,us10008m92,2017-07-29T03:16:08.040Z,"4 km NNW of Ichupampa, Peru",earthquake,5.2,2,0.24,5,reviewed,us,us
2011-11-06T15:21:51.530Z,-15.611,-71.576,141.5,4.4,mb,24,90.8,,0.95,us,usp000jafc,2014-11-07T01:46:18.630Z,southern Peru,earthquake,,7.5,,4,reviewed,us,us
2001-07-29T14:52:31.450Z,-15.568,-71.881,33,4.4,mb,28,,,1.21,us,usp000akew,2014-11-07T01:13:22.928Z,"6 km E of Tapay, Peru",earthquake,,,,11,reviewed,us,us
2005-09-08T04:03:40.030Z,-15.495,-71.569,133.3,4.4,mb,37,106.4,,0.99,us,usp000dyz6,2014-11-07T01:27:01.863Z,"4 km NNW of Tuti, Peru",earthquake,,,,20,reviewed,us,us
2003-12-04T14:50:19.490Z,-15.494,-71.625,142.2,4.4,mb,15,134.5,,1.07,us,usp000cegs,2014-11-07T01:20:41.205Z,"9 km WNW of Tuti, Peru",earthquake,,,,8,reviewed,us,us
2018-10-24T07:37:44.400Z,-15.3862,-72.0527,102.4,4.4,mb,,126,3.3,1.06,us,us1000hgew,2019-01-10T17:18:35.040Z,"22 km NNE of Choco, Peru",earthquake,8.9,8.8,0.063,72,reviewed,us,us
2017-02-24T10:45:20.700Z,-16.2569,-71.6311,94.34,4.3,mb,,128,2.436,1.06,us,us20008lzy,2017-05-17T01:19:38.040Z,"5 km NNW of Cono Norte, Peru",earthquake,8.1,8.6,0.125,18,reviewed,us,us
2020-04-29T04:38:35.607Z,-16.2065,-71.8499,293.51,4.3,mb,,142,2.8,0.87,us,us70009afq,2020-07-18T21:57:37.040Z,"18 km WNW of Yura, Peru",earthquake,11.4,9.8,0.237,5,reviewed,us,us
2008-02-28T13:11:26.770Z,-16.107,-71.896,115.1,4.3,mb,10,130.9,,1.38,us,usp000g07d,2014-11-07T01:35:04.860Z,"16 km SE of Lluta, Peru",earthquake,,14.6,,6,reviewed,us,us
2019-05-26T23:42:19.238Z,-16.0473,-72.1059,12.55,4.3,mwr,,131,2.86,0.99,us,us70003v9y,2019-08-13T14:30:51.040Z,"10 km WSW of Lluta, Peru",earthquake,7.7,7,0.086,13,reviewed,us,us
2015-11-17T14:04:33.960Z,-15.9733,-72.2268,86.77,4.3,mb,,170,3.191,0.46,us,us10003zl6,2016-02-13T02:08:27.040Z,"23 km WNW of Lluta, Peru",earthquake,14.2,14.7,0.266,4,reviewed,us,us
2015-12-30T16:18:51.410Z,-15.9169,-72.0644,137.54,4.3,mb,,181,2.944,0.94,us,us10004afc,2016-03-18T01:13:08.040Z,"12 km NNW of Lluta, Peru",earthquake,12.7,17.8,0.217,6,reviewed,us,us
2019-01-13T16:53:11.960Z,-15.8636,-71.9032,117.72,4.3,mb,,129,2.887,1.26,us,us2000j3jc,2019-04-02T20:52:43.040Z,"20 km NE of Lluta, Peru",earthquake,9.4,16.1,0.116,21,reviewed,us,us
2020-04-13T21:38:46.629Z,-15.8021,-71.8461,67.42,4.3,mb,,127,2.881,1.33,us,us700090hq,2020-06-30T14:03:17.040Z,"19 km SSW of Maca, Peru",earthquake,10.1,7.7,0.218,6,reviewed,us,us
2013-05-11T19:38:27.550Z,-15.799,-71.565,158.3,4.3,mb,16,129,,0.84,us,usc000guc6,2014-11-07T01:50:47.288Z,"11 km WSW of Huarancante, Peru",earthquake,,21.5,,5,reviewed,us,us
2016-02-28T14:50:51.000Z,-15.78,-71.77,12,4.3,mb,,,,1.25,us,us10004tdg,2016-05-06T23:34:17.040Z,"15 km S of Maca, Peru",earthquake,8.7,4.9,0.308,3,reviewed,lim,us
2002-12-14T00:26:41.160Z,-15.693,-71.924,33,4.3,mb,28,,,1.1,us,usp000bkna,2014-11-07T01:17:21.540Z,"12 km S of Tapay, Peru",earthquake,,,,8,reviewed,us,us
2021-06-24T23:02:56.820Z,-15.5729,-72.0706,134.46,4.3,mb,,130,3.192,1.22,us,us6000eqvt,2021-08-27T18:59:00.040Z,"6 km E of Choco, Peru",earthquake,3.9,14.1,0.188,8,reviewed,us,us
2018-07-22T16:27:41.960Z,-15.5656,-72.0332,104.92,4.3,mb,,127,3.225,1.05,us,us2000geks,2018-10-04T14:15:23.040Z,"10 km W of Tapay, Peru",earthquake,7.9,6.9,0.153,12,reviewed,us,us
2006-07-05T03:51:36.340Z,-15.527,-72.199,146.1,4.3,mb,8,160.9,,1.01,us,usp000emxk,2014-11-07T01:29:35.466Z,"9 km NW of Choco, Peru",earthquake,,17.6,,7,reviewed,us,us
2015-11-14T19:33:04.460Z,-15.4432,-71.7253,131.87,4.3,mb,,124,3.198,0.93,us,us10003ye0,2016-02-13T02:08:21.040Z,"20 km NNE of Madrigal, Peru",earthquake,4.3,9.8,0.142,14,reviewed,us,us
2011-09-25T00:13:04.430Z,-16.183,-71.958,121.7,4.2,mb,8,218.6,,0.7,us,usp000j8h2,2014-11-07T01:45:56.987Z,"19 km SSE of Lluta, Peru",earthquake,,11.5,,3,reviewed,us,us
2017-11-12T12:10:30.440Z,-16.1139,-72.1176,95.33,4.2,mb,,131,2.813,0.88,us,us2000bm9n,2018-02-06T02:45:29.040Z,"15 km SW of Lluta, Peru",earthquake,8.3,5.9,0.137,15,reviewed,us,us
1999-04-16T05:17:10.450Z,-16.107,-71.984,55.7,4.2,mb,,,,1.22,us,usp00096cp,2014-11-07T01:07:28.513Z,"10 km SSE of Lluta, Peru",earthquake,,17.6,,1,reviewed,us,us
2013-04-02T00:43:52.710Z,-16.005,-71.971,150.4,4.2,mb,12,139.5,,0.61,us,us2013nmae,2014-11-07T01:50:28.516Z,"4 km ENE of Lluta, Peru",earthquake,,13.5,,3,reviewed,us,us
1993-02-17T08:40:33.190Z,-15.96,-71.968,161.7,4.2,mb,,,,0.8,us,usp0005n7j,2014-11-07T00:52:24.861Z,"7 km NE of Lluta, Peru",earthquake,,9.7,,2,reviewed,us,us
2019-12-01T01:34:15.596Z,-15.8821,-72.1949,114.69,4.2,mb,,141,3.043,1.01,us,us70006ewr,2020-02-19T18:58:26.040Z,"19 km SSW of Huambo, Peru",earthquake,4.7,10.9,0.186,8,reviewed,us,us
2018-04-06T11:33:16.830Z,-15.7898,-72.1325,99.84,4.2,mb,,129,3.295,1.04,us,us2000dvg8,2018-06-30T01:11:30.040Z,"7 km SSW of Huambo, Peru",earthquake,4.4,11,0.158,11,reviewed,us,us
2019-06-04T02:04:15.800Z,-15.7796,-71.5716,90.81,4.2,mb,,176,2.694,0.71,us,us70003yh5,2019-08-27T17:47:25.040Z,"12 km W of Huarancante, Peru",earthquake,11.6,10.3,0.141,14,reviewed,us,us
2002-12-14T03:42:22.610Z,-15.775,-71.811,33,4.2,mb,8,,,0.78,us,usp000bknr,2014-11-07T01:17:21.596Z,"15 km SSW of Maca, Peru",earthquake,,,,3,reviewed,us,us
2015-12-08T19:54:00.770Z,-15.7553,-72.1432,35,4.2,mb,,141,3.119,1.29,us,us20004fmz,2016-03-02T03:36:39.040Z,"4 km SW of Huambo, Peru",earthquake,8.9,2,0.096,31,reviewed,us,us
2000-02-14T12:44:07.560Z,-15.745,-71.672,106.1,4.2,mb,,,,0.68,us,usp0009nf4,2014-11-07T01:09:30.827Z,"10 km S of Ichupampa, Peru",earthquake,,10.4,,1,reviewed,us,us
2002-02-24T16:07:38.270Z,-15.706,-71.99,33,4.2,mb,25,,,0.93,us,usp000az3t,2014-11-07T01:14:57.768Z,"12 km ENE of Huambo, Peru",earthquake,,,,11,reviewed,us,us
2015-03-10T22:42:59.000Z,-15.63,-72.01,12,4.2,mb,,,,0.89,us,us10001m4e,2015-05-28T00:48:41.040Z,"9 km SW of Tapay, Peru",earthquake,12.2,8.5,0.216,6,reviewed,lim,us
2021-07-28T08:46:26.110Z,-15.6076,-72.3315,124.09,4.2,mb,,131,3.342,1.15,us,us6000ezqt,2021-08-23T13:47:52.040Z,"10 km NW of Ayo, Peru",earthquake,6.1,17.5,0.186,8,reviewed,us,us
2001-07-29T15:57:15.350Z,-15.595,-71.938,33,4.2,mb,22,,,1.13,us,usp000akez,2014-11-07T01:13:22.933Z,"1 km S of Tapay, Peru",earthquake,,,,8,reviewed,us,us
2005-06-19T07:49:09.330Z,-15.575,-71.417,136.3,4.2,mb,12,86.9,,1.06,us,usp000dte7,2014-11-07T01:26:15.355Z,"10 km SSE of Sibayo, Peru",earthquake,,8.7,,3,reviewed,us,us
1992-07-04T05:56:30.330Z,-15.56,-71.448,100.9,4.2,mb,,,,1.3,us,usp0005a8g,2014-11-07T00:51:00.356Z,"7 km SE of Ccolo, Peru",earthquake,,19.5,,2,reviewed,us,us
2000-08-09T08:25:18.130Z,-15.556,-72.173,33,4.2,mb,21,,,1.5,us,usp0009y5v,2014-11-07T01:10:50.586Z,"5 km WNW of Choco, Peru",earthquake,,,,8,reviewed,us,us
2021-02-10T03:10:34.812Z,-15.5175,-71.7284,143.06,4.2,mb,,125,2.982,0.97,us,us6000dg3s,2021-04-22T21:52:15.040Z,"13 km NE of Madrigal, Peru",earthquake,9.1,7.6,0.102,27,reviewed,us,us
2020-04-17T08:15:46.353Z,-15.4357,-72.0479,118.47,4.2,mb,,145,3.264,1.08,us,us70008yae,2020-07-09T14:31:18.040Z,"17 km NNE of Choco, Peru",earthquake,11.8,9.3,0.153,12,reviewed,us,us
2013-01-29T03:31:22.630Z,-15.403,-71.98,116.3,4.2,mb,19,125.2,,1.19,us,usc000ex8v,2014-11-07T01:49:54.293Z,"19 km NNW of Tapay, Peru",earthquake,,10.2,,11,reviewed,us,us
2003-01-21T19:21:11.910Z,-15.332,-71.621,142.3,4.2,mb,20,,,1,us,usp000bny8,2014-11-07T01:17:37.018Z,"18 km W of Tisco, Peru",earthquake,,10.6,,4,reviewed,us,us
2017-03-16T18:50:38.020Z,-15.2468,-71.7775,125.48,4.2,mb,,179,3.207,0.88,us,us20008siy,2017-06-07T00:33:41.040Z,"37 km WNW of Tisco, Peru",earthquake,7.5,11.3,0.187,8,reviewed,us,us
1992-10-24T04:50:49.160Z,-16.112,-71.912,145.8,4.1,mb,,,,0.5,us,usp0005ftw,2014-11-07T00:51:42.914Z,"15 km SE of Lluta, Peru",earthquake,,16.4,,2,reviewed,us,us
2016-01-14T06:05:49.000Z,-16.1,-71.98,12,4.1,ml,,,,1.38,us,us20004zgl,2016-03-30T02:27:59.040Z,"10 km SSE of Lluta, Peru",earthquake,15,9.8,,,reviewed,lim,lim
2021-07-25T22:45:29.971Z,-16.0179,-71.7987,166.41,4.1,mb,,131,2.715,0.46,us,us6000ez14,2021-08-31T21:37:32.040Z,"23 km E of Lluta, Peru",earthquake,9.8,21,0.37,2,reviewed,us,us
2011-11-06T15:21:23.480Z,-15.945,-71.785,125.7,4.1,mb,20,128,,1.52,us,usp000jafb,2014-11-07T01:46:18.627Z,"25 km ENE of Lluta, Peru",earthquake,,10.5,,5,reviewed,us,us
2015-06-21T04:14:11.470Z,-15.9381,-71.455,132.95,4.1,mb,,127,2.642,0.75,us,us10002kmi,2015-09-01T00:53:52.040Z,"4 km N of Pucara, Peru",earthquake,9.1,7.9,0.135,15,reviewed,us,us
2014-03-28T05:28:36.500Z,-15.9222,-72.3115,92.93,4.1,mb,,142,3.279,0.57,us,usc000p0cu,2014-05-29T23:32:06.000Z,"24 km SSE of U単on, Peru",earthquake,,17.8,0.369,2,reviewed,us,us
2013-10-27T05:28:23.780Z,-15.8829,-72.155,20.45,4.1,mb,,147,3.889,1.22,us,usc000ks68,2014-01-03T00:32:55.000Z,"17 km SSW of Huambo, Peru",earthquake,,7.1,0.213,,reviewed,us,us
1973-03-12T10:13:31.900Z,-15.882,-72.082,139,4.1,mb,,,,,us,usp00000xe,2014-11-06T23:21:09.925Z,"16 km NNW of Lluta, Peru",earthquake,,,,,reviewed,us,us
2021-04-18T04:55:29.621Z,-15.8799,-72.2021,10,4.1,mb,,162,3.049,0.85,us,us6000e2jd,2021-07-03T16:48:04.040Z,"19 km SSW of Huambo, Peru",earthquake,7.2,1.9,0.234,5,reviewed,us,us
2016-05-04T22:39:33.720Z,-15.8561,-71.6086,140.68,4.1,mb,,126,2.778,0.72,us,us10005dxp,2016-07-19T20:03:13.040Z,"18 km WSW of Huarancante, Peru",earthquake,4.5,10.6,0.12,19,reviewed,us,us
2016-04-13T02:48:43.160Z,-15.7491,-71.8661,114.03,4.1,mb,,144,2.987,1.24,us,us20005hnv,2016-06-21T01:14:10.040Z,"15 km SW of Maca, Peru",earthquake,8.3,6.8,0.117,20,reviewed,us,us
2020-01-17T02:28:43.493Z,-15.7353,-72.3504,113.85,4.1,mb,,148,3.249,0.99,us,us60007j7z,2020-04-08T19:40:03.040Z,"8 km E of U単on, Peru",earthquake,5.1,9.4,0.213,6,reviewed,us,us
2016-02-24T18:01:50.000Z,-15.71,-71.75,11,4.1,ml,,,,1.39,us,us20005bwf,2016-05-03T23:44:20.040Z,"7 km SSE of Maca, Peru",earthquake,8.4,9.4,,,reviewed,lim,lim
2006-04-01T19:52:42.470Z,-15.654,-71.877,48.5,4.1,mb,20,136,,0.95,us,usp000edfs,2014-11-07T01:28:41.654Z,"8 km SW of Madrigal, Peru",earthquake,,15.7,,7,reviewed,us,us
2016-09-09T05:52:30.320Z,-15.6439,-71.6715,10.71,4.1,mb,,160,2.995,0.92,us,us10006v3x,2016-12-07T02:56:07.040Z,southern Peru,earthquake,12,5,0.368,2,reviewed,us,us
2021-07-20T15:42:34.539Z,-15.5874,-72.1546,124.83,4.1,mb,,135,3.246,0.59,us,us7000enqu,2021-08-18T22:47:24.040Z,"2 km WSW of Choco, Peru",earthquake,10.4,20.6,0.3,3,reviewed,us,us
2005-01-24T03:48:45.520Z,-15.507,-71.433,153.3,4.1,mb,10,124.6,,1.23,us,usp000de5r,2014-11-07T01:24:43.855Z,"3 km SE of Sibayo, Peru",earthquake,,12,,1,reviewed,us,us
2013-11-01T01:25:28.650Z,-15.5055,-72.1078,124.47,4.1,mb,,129,3.905,1.27,us,usb000kye0,2014-01-10T10:03:40.000Z,"8 km NNE of Choco, Peru",earthquake,,9.5,0.369,,reviewed,us,us
2007-05-17T23:18:49.120Z,-15.457,-71.762,122.8,4.1,mb,17,87.4,,1.33,us,usp000fc6f,2014-11-07T01:32:29.092Z,"17 km NNE of Madrigal, Peru",earthquake,,9,,3,reviewed,us,us
1973-04-29T14:11:52.200Z,-15.251,-71.947,130,4.1,mb,,,,,us,usp00001mt,2014-11-06T23:21:12.181Z,"36 km N of Tapay, Peru",earthquake,,,,,reviewed,us,us
2021-08-18T11:12:19.482Z,-16.2624,-71.7595,121.97,4,mb,,137,2.495,0.63,us,us7000f4x2,2021-09-03T11:24:51.040Z,"8 km W of Yura, Peru",earthquake,5.8,13.7,0.196,7,reviewed,us,us
2014-07-28T18:38:15.760Z,-16.2207,-72.0655,142.67,4,mb,,136,2.698,0.56,us,usb000s18w,2014-10-25T01:49:41.000Z,"20 km NE of El Pedregal, Peru",earthquake,,13.7,0.366,2,reviewed,us,us
2001-06-24T13:51:09.860Z,-15.885,-71.741,33,4,mb,7,,,1.47,us,usp000ahas,2014-11-07T01:13:07.541Z,"26 km SSW of Ichupampa, Peru",earthquake,,,,1,reviewed,us,us
2013-09-01T19:51:18.310Z,-15.7466,-72.2537,119.55,4,ml,,239,4.001,0.46,us,usb000jk5x,2013-11-06T01:33:39.000Z,"7 km SSE of Ayo, Peru",earthquake,,29.3,,,reviewed,us,us_lim
2002-12-13T09:46:43.580Z,-15.684,-71.949,33,4,mb,14,,,1.21,us,usp000bkm5,2014-11-07T01:17:21.126Z,"11 km S of Tapay, Peru",earthquake,,,,3,reviewed,us,us
1996-12-23T11:45:09.970Z,-15.57,-71.695,100,4,mb,,,,1.27,us,usp0007uvr,2014-11-07T01:01:48.998Z,"8 km N of Ichupampa, Peru",earthquake,,,,1,reviewed,us,us
2002-04-25T01:25:09.200Z,-15.467,-71.414,140.8,4,mb,17,,,1.02,us,usp000b346,2014-11-07T01:15:28.348Z,"5 km ENE of Sibayo, Peru",earthquake,,9.5,,2,reviewed,us,us
2004-06-20T15:36:56.060Z,-15.395,-71.607,148.9,4,mb,13,141.9,,1.38,us,usp000cybj,2014-11-07T01:22:39.392Z,"16 km NNW of Tuti, Peru",earthquake,,12.9,,3,reviewed,us,us
2003-09-09T18:43:06.660Z,-15.315,-71.722,146.5,4,mb,14,105.4,,0.96,us,usp000c74y,2014-11-07T01:19:47.571Z,"29 km W of Tisco, Peru",earthquake,,11,,4,reviewed,us,us
2006-03-03T09:26:16.610Z,-16.201,-71.578,116.7,3.9,mb,8,96.9,,1.15,us,usp000eb9d,2014-11-07T01:28:27.551Z,"11 km NNE of Cono Norte, Peru",earthquake,,10.2,,2,reviewed,us,us
2009-05-14T23:27:10.130Z,-16.195,-72.189,62.9,3.9,m,6,157.6,,1.6,us,usp000gx4b,2014-11-07T01:38:57.273Z,"18 km N of El Pedregal, Peru",earthquake,,14,,,reviewed,us,lim
2005-11-03T06:10:11.300Z,-15.894,-71.959,101.7,3.9,mb,11,131.3,,1.24,us,usp000e3dc,2014-11-07T01:27:34.827Z,"14 km NNE of Lluta, Peru",earthquake,,9,,2,reviewed,us,us
2005-05-30T17:30:52.340Z,-15.865,-71.528,121.8,3.9,mb,9,163.2,,1.04,us,usp000drwx,2014-11-07T01:25:59.831Z,"12 km SW of Huarancante, Peru",earthquake,,10,,1,reviewed,us,us
2015-06-12T17:52:05.800Z,-15.7618,-71.9126,9.18,3.9,mwr,,91,2.998,0.9,us,us10002ldi,2015-08-20T00:43:55.040Z,"20 km SSW of Madrigal, Peru",earthquake,5.7,4.7,0.089,12,reviewed,us,us
2015-03-02T09:55:48.000Z,-15.68,-72.01,11,3.9,ml,,,,1.37,us,usc000tviw,2015-05-19T00:29:37.040Z,"11 km ENE of Huambo, Peru",earthquake,10.2,6,,,reviewed,lim,lim
1999-06-27T14:39:49.730Z,-15.52,-71.988,100,3.9,mb,,,,0.57,us,usp0009anr,2014-11-07T01:07:57.606Z,"8 km NW of Tapay, Peru",earthquake,,,,3,reviewed,us,us
2006-10-14T11:17:41.640Z,-15.361,-71.732,132.2,3.9,mb,7,135.3,,0.91,us,usp000ev61,2014-11-07T01:30:33.938Z,"27 km NW of Tuti, Peru",earthquake,,10.8,,1,reviewed,us,us
1993-04-03T00:58:30.200Z,-16.269,-71.72,138.6,3.8,mb,,,,1.4,us,usp0005qju,2014-11-07T00:52:44.861Z,"4 km WSW of Yura, Peru",earthquake,,10,,1,reviewed,us,us
2008-01-27T17:38:19.150Z,-15.954,-72.147,107.3,3.8,mb,10,130.2,,1.42,us,usp000fxk0,2014-11-07T01:34:46.316Z,"15 km WNW of Lluta, Peru",earthquake,,10.7,,2,reviewed,us,us
2001-07-09T03:14:11.480Z,-15.641,-71.754,33,3.8,mb,7,,,1.4,us,usp000aj8e,2014-11-07T01:13:15.973Z,"1 km E of Maca, Peru",earthquake,,,,1,reviewed,us,us
1993-11-29T17:29:23.910Z,-15.417,-71.841,155.2,3.8,mb,,,,1.3,us,usp00064e6,2014-11-07T00:54:28.090Z,"20 km NNE of Tapay, Peru",earthquake,,12.5,,1,reviewed,us,us
1974-08-31T22:15:25.600Z,-15.296,-72.087,126,3.8,mb,,,,,us,usp00007w0,2014-11-06T23:21:26.103Z,"27 km E of Orcopampa, Peru",earthquake,,,,,reviewed,us,us
2000-05-11T11:14:15.860Z,-15.247,-71.915,131.2,3.8,mb,,,,1.31,us,usp0009ssg,2014-11-07T01:10:06.957Z,"36 km N of Tapay, Peru",earthquake,,13.5,,4,reviewed,us,us
2000-12-28T01:29:33.210Z,-16.094,-71.603,130,3.7,mb,10,,,0.87,us,usp000a6ts,2014-11-07T01:11:46.885Z,"19 km NNE of Yura, Peru",earthquake,,,,1,reviewed,us,us
2004-02-09T11:31:30.190Z,-15.742,-71.484,163,3.7,mb,14,108.7,,1.29,us,usp000cktx,2014-11-07T01:21:19.803Z,"3 km NW of Huarancante, Peru",earthquake,,19.2,,2,reviewed,us,us
2007-12-28T02:24:21.870Z,-15.645,-71.681,130.4,3.7,mb,13,127.3,,0.68,us,usp000fvep,2014-11-07T01:34:30.431Z,"0 km NE of Ichupampa, Peru",earthquake,,7.2,,1,reviewed,us,us
2004-07-05T00:41:23.420Z,-15.63,-71.785,151.8,3.7,mb,6,146.7,,1.25,us,usp000czjz,2014-11-07T01:22:50.982Z,"2 km NW of Maca, Peru",earthquake,,14.9,,2,reviewed,us,us
1997-01-01T07:10:39.960Z,-15.657,-72.2,100,3.6,mb,,,,0.46,us,usp0007v9g,2014-11-07T01:01:53.233Z,"8 km ENE of Ayo, Peru",earthquake,,,,1,reviewed,us,us
1998-04-13T01:55:52.180Z,-15.598,-71.907,71.2,3.6,mb,,,,0.87,us,usp0008k21,2014-11-07T01:04:59.214Z,"4 km ESE of Tapay, Peru",earthquake,,15.7,,1,reviewed,us,us
2014-07-14T17:13:12.990Z,-15.5967,-72.0182,10,3.6,ml,,156,3.19,0.96,us,usb000rwud,2014-10-10T08:02:18.000Z,"8 km WSW of Tapay, Peru",earthquake,,2,,,reviewed,us,lim
1997-06-10T16:42:01.400Z,-15.38,-72.091,150,3.6,mb,,,,0.86,us,usp00083c6,2014-11-07T01:02:54.947Z,"22 km N of Choco, Peru",earthquake,,,,1,reviewed,us,us
1974-05-26T04:09:04.500Z,-15.271,-71.68,152,3.6,mb,,,,,us,usp00006gh,2014-11-06T23:21:24.374Z,southern Peru,earthquake,,,,,reviewed,us,us
1992-05-01T12:45:55.490Z,-16.037,-71.794,163.7,3.5,mb,,,,1.3,us,usp00056sa,2014-11-07T00:50:33.230Z,"23 km E of Lluta, Peru",earthquake,,8.9,,1,reviewed,us,us
1998-02-22T14:44:47.150Z,-15.536,-71.896,147.2,3.4,mb,,,,1.15,us,usp0008ge5,2014-11-07T01:04:34.853Z,"6 km NE of Tapay, Peru",earthquake,,,,1,reviewed,us,us
1998-03-08T12:55:33.990Z,-15.383,-71.797,145.2,3.4,mb,,,,0.67,us,usp0008h5r,2014-11-07T01:04:43.401Z,"24 km N of Madrigal, Peru",earthquake,,,,1,reviewed,us,us
1996-02-27T00:59:48.640Z,-15.895,-71.817,143.5,3.2,mb,,,,1.1,us,usp0007e0a,2014-11-07T00:59:59.066Z,"24 km ENE of Lluta, Peru",earthquake,,22.7,,1,reviewed,us,us
1996-02-27T00:59:48.640Z,-15.78,-71.85,0,8,,,,,,,,,Sabancaya volcano,earthquake,,,,,,,
